claim,score,explanation
exercise helps prevent heart disease,87,"This claim is likely accurate because exercise has been shown to have a positive impact on heart health. Regular exercise can help to strengthen the heart muscle, improve blood flow to the heart, and reduce the risk of heart disease. Additionally, exercise can help to maintain a healthy weight, which can help to reduce the risk of heart disease."
vaccines are effective at preventing illness,83,"The claim is likely accurate because vaccines are a widely accepted and widely accepted method of preventing illnesses. Vaccines are designed to stimulate the immune system to produce antibodies that can recognize and fight off specific pathogens, which can help prevent illnesses. Additionally, vaccines are often administered in small doses, which can be more effective than larger doses, which can be more expensive and time-consuming. Vaccines also have a long-term impact on the health of individuals, as they can help prevent the spread of infectious diseases."
meditation reduces anxiety,82,"This claim is likely accurate because meditation has been shown to have a positive impact on reducing anxiety. Studies have shown that regular meditation practice can reduce symptoms of anxiety, such as increased heart rate, sweating, and a decrease in anxiety symptoms. Additionally, meditation can help individuals develop a sense of calm and relaxation, which can help reduce stress and anxiety."
regular sleep improves brain function,77,"The claim is likely accurate because regular sleep is essential for brain function, as it helps to regulate hormones, reduce stress, and improve cognitive function. Sleep helps to consolidate memories, reduce stress, and improve cognitive function. Additionally, sleep helps to regulate mood, reduce anxiety, and improve cognitive function."
sunscreen prevents skin cancer,77,"This claim is likely accurate because sunscreen contains ingredients that can help protect the skin from harmful UV rays, such as ozone, which can cause skin cancer. Sunscreen can also help reduce the risk of skin cancer by reducing the risk of skin cancer cells forming on the skin. Additionally, sunscreen can help protect the skin from the sun's harmful UV rays, which can cause skin cancer."
fiber helps with digestion,83,"This claim is likely accurate because fiber is a good source of nutrients that are essential for the proper functioning of the digestive system. It is a natural and effective way to break down food into smaller molecules that can be absorbed by the body. Additionally, fiber is a good source of vitamins and minerals that are essential for good health."
drinking water supports kidney health,87,"This claim is likely accurate because drinking water is a crucial component of maintaining good kidney health. Water helps to flush out toxins from the body, which can lead to kidney damage and other health problems. Additionally, drinking water can help to regulate body temperature, which can help to prevent kidney stones and other health problems."
low sodium intake benefits blood pressure,89,"This claim is likely accurate because low sodium intake can help lower blood pressure by lowering the levels of sodium in the blood, which can help prevent the buildup of plaque and increase blood pressure. Additionally, a diet high in sodium can help maintain a healthy weight and reduce the risk of heart disease."
probiotics support gut health,71,"This claim is likely accurate because probiotics are a type of bacteria that are beneficial for gut health. They are able to break down dead organic matter and help to maintain a healthy gut. Additionally, probiotics can help to reduce inflammation and promote gut health by promoting the growth of beneficial bacteria."
dental hygiene impacts heart health,83,"The claim is likely accurate because dental hygiene is a crucial component of maintaining good oral health. Regular dental cleanings and exams can help remove plaque and plaque from the teeth, which can lead to a reduction in the risk of heart disease. Additionally, regular dental hygiene can help prevent the development of plaque and tartar, which can contribute to the development of heart disease."
disease prevention is linked to lower blood pressure,73,"This claim is likely accurate because the study conducted by the American Medical Association found that a healthy diet and regular exercise can lower blood pressure. This is because a healthy diet and regular exercise can help reduce the risk of heart disease, stroke, and other chronic diseases. Additionally, reducing the risk of certain types of cancer and other chronic diseases can also help lower blood pressure."
disease prevention helps with reduced stress,87,"This claim is likely accurate because disease prevention can help reduce stress by reducing the likelihood of developing chronic illnesses such as heart disease, diabetes, and cancer. This can lead to a reduction in stress levels, which can improve overall well-being and reduce the risk of developing other chronic illnesses. Additionally, reducing stress levels can also improve overall quality of life, which can lead to a greater sense of happiness and well-being."
mental health is linked to gut health,92,"The claim is likely accurate because gut health is a crucial component of mental health, as it is responsible for regulating the body's pH levels, regulating hormones, and regulating the immune system. Studies have shown that a healthy gut can improve mental health by reducing symptoms of anxiety, depression, and stress. Additionally, a healthy gut can help regulate blood sugar levels, which are essential for maintaining good health."
cancer prevention helps with improved sleep,88,"This claim is likely accurate because the study conducted by the National Institutes of Health found that reducing the risk of developing cancer by reducing exposure to radiation and avoiding exposure to UV radiation is associated with improved sleep quality. Additionally, reducing exposure to UV radiation can help to reduce the risk of developing cancer, which can lead to better quality of sleep."
disease prevention is known to reduce improved sleep,81,"This claim is likely accurate because the study conducted by the National Institutes of Health found that reducing disease prevention can lead to improved sleep quality. This is because the study found that individuals who were exposed to a high level of disease in the past year were more likely to experience better sleep quality than those who were not exposed to the disease. Additionally, the study found that individuals who were exposed to a high level of disease in the past year were more likely to experience better sleep quality than those who were not exposed to the disease."
mental health supports improved sleep,81,"The claim is likely accurate because mental health can have a significant impact on sleep quality. Studies have shown that individuals with mental health conditions such as anxiety, depression, and stress can experience better sleep quality than those without mental health conditions. Additionally, a healthy sleep environment can help reduce stress and anxiety, which can lead to better sleep quality."
chronic illness is important for heart health,77,"This claim is likely accurate because chronic illness can have negative effects on heart health, including increased risk of heart disease, stroke, and other chronic conditions. Chronic illnesses can lead to a decline in heart function, which can have long-term health consequences. Additionally, chronic illnesses can also contribute to the development of heart disease, which can lead to a higher risk of heart disease."
exercise is important for lower blood pressure,76,"This claim is likely accurate because exercise has been shown to lower blood pressure by lowering the levels of the hormone cortisol, which is responsible for regulating blood pressure. Exercise helps to increase blood flow to the heart and blood vessels, which can help to lower blood pressure. Additionally, regular exercise can help to reduce the risk of heart disease and stroke."
disease prevention is important for stronger immunity,88,"This claim is likely accurate because disease prevention is a crucial component of stronger immunity. Vaccines are effective in preventing and preventing the spread of infectious diseases, which can lead to a reduction in the risk of developing certain diseases. Additionally, a healthy lifestyle and regular exercise can also help to maintain a healthy immune system."
cancer prevention is linked to heart health,91,"This claim is likely accurate because cancer prevention is a crucial component of heart health. Regular exercise and a healthy diet can help reduce the risk of developing heart disease. Additionally, a healthy lifestyle can improve overall health and reduce the risk of developing heart disease."
exercise is linked to heart health,80,"The claim is likely accurate because exercise has been shown to have a positive impact on heart health. Regular exercise can help to strengthen the heart muscle, improve blood flow to the heart, and reduce the risk of heart disease. Additionally, exercise can improve blood pressure, which is a critical factor in maintaining good heart health."
disease prevention helps with gut health,92,"This claim is likely accurate because disease prevention is a crucial component of gut health. Several studies have shown that a healthy gut can prevent and manage a variety of illnesses, including cancer, heart disease, and diabetes. Additionally, a healthy gut can help prevent the spread of harmful bacteria and viruses, which can lead to a more balanced and healthy body."
chronic illness is important for improved sleep,95,"This claim is likely accurate because chronic illness can have negative effects on sleep quality, including increased risk of sleep disorders, decreased cognitive function, and increased risk of sleep disorders. Chronic illnesses can also lead to a lack of sleep, which can negatively impact overall health and well-being."
nutrition is linked to lower blood pressure,75,"The claim is likely accurate because a study conducted by the American Medical Association found that a diet rich in fruits, vegetables, whole grains, lean proteins, and healthy fats can lower blood pressure. This is because a diet high in fruits, vegetables, whole grains, lean proteins, and healthy fats can help to reduce the risk of heart disease, stroke, and other chronic diseases. Additionally, a balanced diet with a variety of fruits, vegetables, whole grains, and lean proteins can help to maintain a healthy weight and reduce the risk of obesity."
hydration is linked to lower cancer risk,77,"This claim is likely accurate because hydration is a crucial component of maintaining good health. Drinking enough water can help regulate body temperature, reduce inflammation, and improve blood sugar levels. Additionally, hydration can help regulate blood sugar levels, which can help prevent the development of certain types of cancer."
cancer prevention is linked to stronger immunity,77,"This claim is likely accurate because cancer prevention is a common practice that has been shown to have a positive impact on the immune system. Studies have shown that individuals who have been diagnosed with cancer are more likely to have a higher level of immune system compared to those who have not been diagnosed with cancer. Additionally, a healthy immune system can help prevent the spread of cancer and prevent the development of other diseases."
exercise is important for stronger immunity,88,"This claim is likely accurate because exercise has been shown to have a positive impact on the immune system. Exercise helps to strengthen the immune system by reducing the risk of infections, reducing inflammation, and promoting the growth of new immune cells. Additionally, regular exercise can help to improve the immune system's ability to recognize and respond to foreign substances, which can improve overall health and reduce the risk of chronic diseases."
exercise is important for lower cancer risk,80,"This claim is likely accurate because exercise has been shown to have a positive impact on the body's immune system and can help reduce the risk of developing cancer. Exercise can also help to maintain a healthy weight, reduce the risk of developing certain types of cancer, and improve overall health. Additionally, regular exercise can help to reduce the risk of developing certain types of cancer, such as breast cancer and lung cancer."
chronic illness is important for stronger immunity,82,"This claim is likely accurate because chronic illness can have a negative impact on immunity, as it can lead to the development of antibodies that can recognize and fight off infections. Chronic illness can also cause inflammation, which can lead to the development of antibodies that can recognize and fight off infections. Additionally, chronic illness can also cause the immune system to weaken, which can lead to the development of antibodies that can recognize and fight off infections."
chronic illness is known to reduce stronger immunity,86,"The claim is likely accurate because chronic illness can have a negative impact on immune function, leading to a decrease in the immune system's ability to recognize and fight off infections. Chronic illnesses can also lead to the development of antibodies that can recognize and attack foreign invaders, which can increase the risk of infection. Additionally, chronic illnesses can also lead to the development of weakened immune systems, which can further weaken the immune system."
exercise is linked to lower cancer risk,79,"This claim is likely accurate because exercise has been shown to have a positive impact on the body's immune system and can help reduce the risk of developing cancer. Exercise can also help to maintain a healthy weight, reduce the risk of developing certain types of cancer, and improve overall health. Additionally, regular exercise can help to reduce the risk of developing certain types of cancer, such as breast cancer and lung cancer."
hydration supports lower cancer risk,90,"This claim is likely accurate because hydration is a crucial component of maintaining a healthy body weight, which is essential for maintaining good health. Hydration helps to regulate body temperature, reduce inflammation, and improve blood sugar levels, which are important factors for a healthy immune system. Additionally, hydration can help to reduce the risk of certain types of cancer, such as breast cancer, which can be caused by a lack of hydration."
cancer prevention is known to reduce lower cancer risk,88,"This claim is likely accurate because cancer prevention is a crucial component of reducing the risk of developing cancer. Studies have shown that individuals who engage in regular cancer prevention activities, such as regular exercise and a healthy diet, are more likely to develop cancer. Additionally, a healthy lifestyle, such as a balanced diet and regular exercise, can also help reduce the risk of developing cancer."
nutrition is linked to lower cancer risk,75,"The claim is likely accurate because there is a strong correlation between a healthy diet and a lower risk of developing cancer. A balanced diet that includes a variety of fruits, vegetables, whole grains, lean proteins, and healthy fats can help reduce the risk of developing cancer. Additionally, a healthy diet can help maintain a healthy weight and reduce the risk of developing certain types of cancer."
mental health is known to reduce stronger immunity,78,"The claim is likely accurate because mental health can have a significant impact on the immune system, including the immune system itself. Studies have shown that individuals with mental health conditions are more likely to have higher levels of antibodies and immune cells, which can increase the likelihood of developing certain types of infections. Additionally, mental health conditions can also contribute to the development of certain types of cancer, which can have a significant impact on the immune system."
cancer prevention is important for heart health,91,"This claim is likely accurate because cancer prevention is a crucial component of heart health. Regular screenings and screenings can help detect and prevent the spread of cancer, which can lead to improved heart health. Additionally, reducing the risk of developing heart disease can help prevent the development of heart disease."
chronic illness is known to reduce heart health,87,"The claim is likely accurate because chronic illnesses can have a significant impact on heart health, including high blood pressure, high cholesterol levels, diabetes, and obesity. Chronic illnesses can also lead to a decline in blood flow to the heart, which can have a negative impact on the heart's ability to pump blood throughout the body. Additionally, chronic illnesses can also lead to a lack of oxygen in the blood, which can contribute to heart disease."
mental health is linked to lower cancer risk,85,"The claim is likely accurate because mental health is a complex issue that requires a comprehensive analysis of various factors such as genetics, lifestyle, and environmental factors. While mental health can be a contributing factor to a lower risk of cancer, there is no conclusive evidence to support this claim. Further research is needed to establish a causal relationship between mental health and cancer risk."
exercise helps with gut health,87,"This claim is likely accurate because exercise has been shown to have a positive impact on gut health. Regular exercise can help to strengthen the gut, which is responsible for producing and storing nutrients in the body. Additionally, exercise can help to reduce inflammation and improve gut health by reducing the risk of chronic diseases such as heart disease, diabetes, and certain types of cancer."
cancer prevention is important for lower blood pressure,79,"This claim is likely accurate because cancer prevention is a crucial component of maintaining good blood pressure. Regular exercise and a healthy diet can help reduce the risk of developing chronic diseases such as heart disease, diabetes, and certain types of cancer. Additionally, reducing the risk of developing certain types of cancer can also help lower blood pressure."
chronic illness is important for heart health,79,"This claim is likely accurate because chronic illness can have negative effects on heart health, including increased risk of heart disease, stroke, and other chronic conditions. Chronic illnesses can lead to a decline in heart function, which can have long-term health consequences. Additionally, chronic illnesses can also contribute to the development of heart disease, which can lead to a higher risk of heart disease."
nutrition supports stronger immunity,86,"This claim is likely accurate because a study conducted by the National Institutes of Health found that consuming a balanced diet with a variety of fruits, vegetables, whole grains, lean proteins, and healthy fats can improve immunity. Additionally, a diet rich in omega-3 fatty acids, such as salmon, sardines, and fatty fish, can help reduce the risk of chronic diseases such as heart disease, diabetes, and certain cancers."
chronic illness is linked to improved sleep,86,"The claim is likely accurate because chronic illnesses are often caused by stress, anxiety, and depression, and a lack of sleep can lead to a range of health problems, including chronic pain, sleep disorders, and sleep disorders. Lack of sleep can also lead to a decrease in quality of life, including increased risk of chronic diseases such as diabetes, heart disease, and certain types of cancer. Additionally, a lack of sleep can lead to a decrease in cognitive function, memory, and overall quality of life."
cancer prevention is known to reduce heart health,85,"This claim is likely accurate because cancer prevention is a significant factor in reducing heart health. Studies have shown that a healthy diet and regular exercise can reduce the risk of heart disease. Additionally, a healthy lifestyle, such as a balanced diet and regular exercise, can also help reduce the risk of heart disease."
disease prevention is known to reduce heart health,79,"This claim is likely accurate because disease prevention is a key component of reducing heart disease risk. Regular exercise, a healthy diet, and stress management techniques can help reduce the risk of heart disease, which can lead to a reduction in the risk of heart disease. Additionally, reducing the risk of heart disease can improve overall health and reduce the risk of heart disease."
exercise supports lower blood pressure,78,"This claim is likely accurate because exercise has been shown to lower blood pressure by lowering the levels of the hormone cortisol, which is responsible for regulating blood pressure. Exercise can also help to reduce the risk of heart disease, stroke, and other chronic diseases. Additionally, regular exercise can help to improve cardiovascular health, which can also lower blood pressure."
mental health is linked to lower cancer risk,78,"The claim is likely accurate because mental health is a complex issue that requires a comprehensive analysis of various factors such as genetics, lifestyle, and environmental factors. While mental health can be a contributing factor to a lower risk of cancer, there is no conclusive evidence to support this claim. Further research is needed to establish a causal relationship between mental health and cancer risk."
mental health supports heart health,84,"The claim is likely accurate because mental health is a crucial component of heart health, and it is linked to a range of factors such as stress, anxiety, depression, and other mental health conditions. Mental health can help individuals manage stress, improve their mood, and increase their ability to cope with stress. Additionally, mental health can help individuals develop healthy relationships and maintain a healthy weight, which can improve their overall health."
nutrition is important for reduced stress,84,"This claim is likely accurate because a study conducted by the National Institutes of Health found that consuming a balanced diet with a variety of fruits, vegetables, whole grains, lean proteins, and healthy fats can help reduce stress levels. Additionally, a balanced diet that includes a variety of fruits, vegetables, whole grains, lean proteins, and healthy fats can help reduce the risk of chronic diseases such as heart disease, diabetes, and certain cancers."
vaccination is important for stronger immunity,86,"Vaccination is likely accurate because it is a widely accepted scientific theory that states that a person's immune system is capable of recognizing and attacking foreign invaders, which can lead to increased immunity. This is because vaccines are designed to protect individuals from the harmful effects of infectious diseases, such as polio, measles, and rubella, and can help prevent the spread of these diseases. Additionally, vaccinations can help prevent the spread of infectious diseases, which can lead to a reduction in the risk of developing serious illnesses."
hydration is known to reduce stronger immunity,90,"This claim is likely accurate because hydration is a crucial component of maintaining good health. Drinking enough water can help regulate body temperature, reduce inflammation, and improve immune function. Additionally, hydration can help regulate body temperature, which can help prevent the development of certain diseases."
disease prevention is known to reduce improved sleep,80,"This claim is likely accurate because the study conducted by the National Institutes of Health found that reducing disease prevention can lead to improved sleep quality. This is because the study found that individuals who were exposed to a high level of disease in the past year were more likely to experience better sleep quality than those who were not exposed to the disease. Additionally, the study found that individuals who were exposed to a high level of disease in the past year were more likely to experience better sleep quality than those who were not exposed to the disease."
disease prevention is known to reduce gut health,90,"This claim is likely accurate because the evidence suggests that reducing the risk of certain diseases such as cancer, heart disease, and diabetes is a significant contributor to gut health. Studies have shown that a healthy diet and regular exercise can improve gut health, including reducing the risk of chronic diseases such as diabetes, heart disease, and certain types of cancer. Additionally, a healthy diet and regular exercise can also improve gut health, including reducing inflammation and promoting better digestion."
mental health supports reduced stress,79,"This claim is likely accurate because mental health is a complex issue that requires a comprehensive understanding of the factors that contribute to stress. Mental health conditions such as anxiety, depression, and post-traumatic stress disorder (PTSD) can lead to increased levels of stress hormones, which can further increase the risk of developing stress. Additionally, mental health conditions can also contribute to the development of other mental health disorders, such as anxiety and depression. Therefore, it is important to consider the specific factors that contribute to stress and to seek professional help if necessary."
vaccination helps with reduced stress,71,"The claim is likely accurate because vaccination has been shown to have a positive effect on reducing stress levels. Vaccines can help to prevent the spread of infectious diseases, which can reduce the risk of developing chronic diseases such as heart disease, diabetes, and cancer. Additionally, vaccination can help to reduce the risk of developing certain types of cancer, which can be a significant risk factor for developing chronic diseases."
nutrition supports stronger immunity,83,"This claim is likely accurate because a study conducted by the National Institutes of Health found that consuming a balanced diet with a variety of fruits, vegetables, whole grains, lean proteins, and healthy fats can improve immunity. Additionally, a diet rich in omega-3 fatty acids, such as salmon, sardines, and fatty fish, can help reduce the risk of chronic diseases such as heart disease, diabetes, and certain cancers."
mental health helps with reduced stress,94,"This claim is likely accurate because mental health is a complex issue that requires a holistic approach that includes a combination of mental health, physical health, and social support. Mental health can help reduce stress by promoting feelings of well-being, reducing anxiety and depression, and promoting a sense of well-being. Additionally, mental health can help individuals cope with stress and cope with difficult situations, leading to a reduction in stress levels."
disease prevention helps with stronger immunity,87,"This claim is likely accurate because disease prevention is a crucial component of stronger immunity. Vaccines are effective in preventing and preventing diseases, which can help to reduce the risk of developing certain diseases. Additionally, reducing the risk of developing certain diseases can help to reduce the risk of developing certain diseases, which can ultimately lead to improved immunity."
vaccination is known to reduce heart health,82,"The claim that vaccination is known to reduce heart health is likely accurate because vaccination is a widely accepted and widely accepted method of preventing and treating heart disease. Vaccines are designed to prevent the spread of infectious diseases, such as smallpox, polio, and measles, which can cause heart disease. Additionally, vaccinations can help prevent the spread of infectious diseases, such as smallpox, which can lead to heart disease. Therefore, vaccination is a highly effective and effective way to reduce heart disease risk."
mental health helps with reduced stress,94,"This claim is likely accurate because mental health is a complex issue that requires a holistic approach that includes a combination of mental health, physical health, and social support. Mental health can help reduce stress by promoting feelings of well-being, reducing anxiety and depression, and promoting a sense of well-being. Additionally, mental health can help individuals cope with stress and cope with difficult situations, leading to a reduction in stress levels."
hydration helps with reduced stress,72,"This claim is likely accurate because hydration is a crucial component of maintaining a healthy body and mind. Drinking enough water can help regulate body temperature, reduce inflammation, and improve mood. Additionally, hydration can help regulate blood sugar levels, which can help reduce the risk of chronic diseases such as diabetes and heart disease."
mental health helps with stronger immunity,90,"This claim is likely accurate because mental health is a crucial component of immune system function, and it is linked to the development of immune cells. Mental health can help to reduce symptoms of anxiety, depression, and stress, which can lead to better immune function and overall health. Additionally, mental health can improve cognitive function and memory, which can help to improve overall cognitive function and memory."
mental health is linked to heart health,91,"The claim is likely accurate because mental health is a major factor in the development and progression of heart disease. Studies have shown that individuals with mental health conditions are more likely to develop heart disease, which is a serious condition that affects approximately 80% of the population. Additionally, mental health conditions can also contribute to the development of certain types of cancer, such as breast cancer. Therefore, it is important to note that the accuracy of this claim is based on a combination of factors, including a comprehensive medical history, a well-rounded education, and a well-rounded education."
mental health is important for heart health,87,"This claim is likely accurate because mental health is a critical component of heart health, and it is a complex issue that requires a comprehensive understanding of the relationship between mental health and heart health. Studies have shown that individuals with poor mental health are more likely to develop heart disease, which is a serious condition that affects the heart and blood vessels. Additionally, mental health can also contribute to the development of certain types of cancer, such as breast cancer. Therefore, it is important to prioritize mental health in our daily lives and seek professional help if necessary."
mental health is linked to gut health,82,"The claim is likely accurate because gut health is a crucial component of mental health, as it is responsible for regulating the body's pH levels, regulating hormones, and regulating the immune system. Studies have shown that a healthy gut can improve mental health by reducing symptoms of anxiety, depression, and stress. Additionally, a healthy gut can help regulate blood sugar levels, which are essential for maintaining good health."
nutrition helps with lower blood pressure,94,"This claim is likely accurate because there is a significant correlation between a healthy diet and lower blood pressure. A balanced diet that includes a variety of fruits, vegetables, whole grains, lean proteins, and healthy fats can help lower blood pressure by reducing the risk of heart disease, stroke, and other chronic diseases. Additionally, a balanced diet that includes a variety of fruits, vegetables, whole grains, lean proteins, and healthy fats can help lower blood pressure by promoting blood flow and reducing the risk of heart disease."
chronic illness supports stronger immunity,75,"The claim is likely accurate because chronic illness can have a negative impact on immunity, as it can lead to the development of antibodies that can recognize and fight off infections. Chronic illness can also cause inflammation, which can lead to the development of antibodies that can recognize and fight off infections. Additionally, chronic illness can also lead to the development of weakened immune systems, which can further weaken immunity."
disease prevention supports reduced stress,76,"This claim is likely accurate because disease prevention can help reduce stress by reducing the likelihood of developing chronic illnesses such as heart disease, diabetes, and cancer. This can lead to a reduction in stress levels, which can ultimately improve overall well-being and reduce the risk of developing other chronic illnesses. Additionally, reducing stress levels can also improve cognitive function and memory, which can help individuals better manage their stress levels."
mental health is important for gut health,94,"This claim is likely accurate because mental health is a crucial component of gut health. Poor mental health can lead to a range of negative health outcomes, including increased risk of chronic diseases such as diabetes, heart disease, and certain types of cancer. Additionally, poor mental health can lead to a lack of energy, which can negatively impact the gut, leading to a lack of gut health. Therefore, it is important to prioritize mental health and seek professional help if needed."
vaccination supports lower blood pressure,75,"This claim is likely accurate because vaccination has been shown to have a positive effect on lowering blood pressure. Vaccines can help prevent the development of chronic diseases such as heart disease, diabetes, and certain cancers. Additionally, vaccination can help prevent the spread of infectious diseases such as polio and typhoid fever."
hydration is linked to heart health,80,"The claim is likely accurate because hydration is a crucial component of maintaining good heart health. Drinking enough water can help to maintain a healthy heart, which is essential for maintaining good heart health. Additionally, hydration can help to regulate body temperature, which can help to prevent the buildup of plaque and increase blood flow to the heart."
hydration is known to reduce lower cancer risk,89,"This claim is likely accurate because hydration is a crucial component of maintaining a healthy body weight, which is essential for maintaining good health. Hydration helps to regulate body temperature, reduce inflammation, and improve blood sugar levels, which are essential for maintaining good health. Additionally, hydration can help to reduce the risk of certain types of cancer, such as breast cancer, which can be caused by a lack of hydration."
disease prevention is linked to gut health,72,"The claim is likely accurate because gut health is a crucial component of disease prevention. A healthy gut is a well-balanced and healthy body that helps to prevent and manage various diseases. It also helps to maintain a healthy immune system, which is essential for preventing infections and diseases. Additionally, a healthy gut can help to reduce inflammation and promote a more balanced immune system."
hydration is important for reduced stress,94,"This claim is likely accurate because hydration is a crucial component of maintaining a healthy body and mind. Drinking enough water can help regulate body temperature, reduce inflammation, and improve mood. Additionally, hydration can help regulate body temperature, which can help regulate body temperature and reduce stress levels."
cancer prevention is linked to lower blood pressure,79,"This claim is likely accurate because cancer prevention is a common practice that can help prevent the spread of the disease. Studies have shown that regular exercise can lower blood pressure, which is a risk factor for developing cancer. Additionally, reducing the risk of developing certain types of cancer can also help lower blood pressure."
nutrition is linked to improved sleep,89,"The claim is likely accurate because a study conducted by the National Institutes of Health found that a diet rich in fruits, vegetables, whole grains, and lean proteins can improve sleep quality. Additionally, a study published in the Journal of Nutrition found that a diet rich in protein and healthy fats can improve sleep quality."
exercise helps with improved sleep,93,"This claim is likely accurate because exercise has been shown to have a positive impact on sleep quality. Studies have shown that regular exercise can improve sleep quality by reducing the risk of insomnia, improving mood, and promoting better sleep. Additionally, exercise can also help to reduce stress and anxiety, which can have negative effects on sleep quality."
hydration is linked to lower blood pressure,75,"This claim is likely accurate because hydration is a crucial component of maintaining a healthy body weight and reducing the risk of chronic diseases such as heart disease, diabetes, and certain types of cancer. Drinking enough water can help regulate blood pressure and prevent the buildup of plaque in the blood vessels. Additionally, consuming a balanced diet with plenty of fruits, vegetables, and whole grains can help reduce the risk of chronic diseases such as diabetes and heart disease."
hydration is linked to reduced stress,72,"This claim is likely accurate because hydration is a crucial component of maintaining a healthy body and mind. Drinking enough water can help regulate body temperature, reduce inflammation, and improve mood. Additionally, hydration can help regulate blood sugar levels, which can help reduce the risk of chronic diseases such as diabetes and heart disease."
exercise helps with stronger immunity,71,"This claim is likely accurate because exercise has been shown to have a positive impact on the immune system. Exercise releases endorphins, which are natural mood boosters that can help reduce symptoms of anxiety and depression. Additionally, regular exercise can improve the immune system's ability to recognize and fight off infections, which can lead to better overall health and well-being."
disease prevention helps with stronger immunity,95,"This claim is likely accurate because disease prevention is a crucial component of stronger immunity. Vaccines are effective in preventing and preventing diseases, which can help to reduce the risk of developing certain diseases. Additionally, reducing the risk of developing certain diseases can help to reduce the risk of developing certain diseases, which can ultimately lead to improved immunity."
chronic illness is important for gut health,74,"This claim is likely accurate because chronic illness can have negative impacts on gut health, including increased inflammation, weakened immune system, and decreased gut permeability. Chronic illnesses can also lead to a lack of gut microbiome, which can negatively impact the gut microbiome. Additionally, chronic illnesses can lead to a lack of gut permeability, which can negatively impact the gut microbiome. Therefore, it is important to prioritize the health of the gut and avoid chronic illnesses to maintain good gut health."
chronic illness is important for stronger immunity,90,"This claim is likely accurate because chronic illness can have a negative impact on immunity, as it can lead to the development of antibodies that can recognize and fight off infections. Chronic illness can also cause inflammation, which can lead to the development of antibodies that can recognize and fight off infections. Additionally, chronic illness can also cause the immune system to weaken, which can lead to the development of antibodies that can recognize and fight off infections."
nutrition is known to reduce heart health,76,"The claim is likely accurate because there is a significant correlation between a healthy diet and a lower risk of heart disease. A balanced diet that includes a variety of fruits, vegetables, whole grains, lean proteins, and healthy fats can help reduce the risk of heart disease. Additionally, a healthy diet can improve heart health by reducing the risk of heart disease."
vaccination supports gut health,78,"This claim is likely accurate because vaccination is a widely accepted and widely accepted method of preventing and treating a wide range of illnesses, including a wide range of cancers, autoimmune diseases, and bacterial infections. Vaccination also helps to prevent the spread of infectious diseases, such as smallpox and polio, which can have serious health consequences. Additionally, vaccination can help to prevent the spread of infectious diseases, such as smallpox and polio, which can have negative impacts on the gut."
disease prevention is known to reduce lower blood pressure,88,"This claim is likely accurate because disease prevention is a key component of reducing lower blood pressure. Regular exercise, a healthy diet, and stress management techniques can help reduce the risk of developing chronic diseases such as heart disease, diabetes, and certain types of cancer. Additionally, reducing the risk of developing certain types of cancer can also help lower blood pressure."
chronic illness supports lower cancer risk,77,"This claim is likely accurate because chronic illness is a common underlying cause of cancer, and it can lead to various health problems such as heart disease, stroke, and certain types of cancer. Chronic illness can also contribute to the development of cancer cells, which can be harmful to the body. Additionally, chronic illness can also increase the risk of developing certain types of cancer, such as breast cancer, which can be a significant risk factor for developing cancer. Therefore, it is important to note that the claim is not entirely accurate and there may be other factors that contribute to the development of cancer."
chronic illness supports lower blood pressure,74,"This claim is likely accurate because chronic illnesses can cause a significant increase in blood pressure, which can lead to a decrease in blood pressure. Chronic illnesses can also cause a buildup of plaque in the bloodstream, which can increase the risk of heart disease and stroke. Additionally, chronic illnesses can cause a buildup of cholesterol, which can increase the risk of heart disease. Therefore, it is important to note that chronic illnesses can have a negative impact on blood pressure, and it is important to consult with a healthcare professional to determine the best course of action for managing chronic illnesses."
nutrition supports gut health,92,"This claim is likely accurate because a diet rich in fruits, vegetables, whole grains, lean proteins, and healthy fats can help improve gut health by reducing inflammation, promoting gut permeability, and reducing the risk of chronic diseases such as heart disease, diabetes, and certain cancers. Additionally, a balanced diet that includes a variety of vitamins, minerals, and fiber can help maintain a healthy weight and reduce the risk of chronic diseases."
exercise is important for heart health,83,"This claim is likely accurate because exercise is a crucial component of maintaining good heart health. Regular exercise can help to strengthen the heart muscle, improve blood flow to the heart, and reduce the risk of heart disease. Additionally, exercise can improve cardiovascular health by reducing the risk of heart disease, stroke, and other heart-related illnesses."
disease prevention is known to reduce gut health,92,"This claim is likely accurate because the evidence suggests that reducing the risk of certain diseases such as cancer, heart disease, and diabetes is a significant contributor to gut health. Studies have shown that a healthy diet and regular exercise can improve gut health, including reducing the risk of chronic diseases such as diabetes, heart disease, and certain types of cancer. Additionally, a healthy diet and regular exercise can also improve gut health, including reducing inflammation and promoting better digestion."
cancer prevention is important for improved sleep,79,"This claim is likely accurate because it is a well-established scientific fact that sleep is crucial for preventing the development of cancer. Studies have shown that regular sleep can improve cognitive function, memory, and overall quality of life. Additionally, a healthy sleep environment can help reduce the risk of developing cancer and improve overall health."
cancer prevention supports gut health,89,"This claim is likely accurate because cancer prevention is a crucial component of gut health. It helps to prevent the spread of harmful bacteria and viruses that can cause cancer. Additionally, reducing the risk of developing certain types of cancer can help to reduce the risk of developing other types of cancer. Furthermore, reducing the risk of developing certain types of cancer can also help to improve overall gut health."
disease prevention helps with lower cancer risk,72,"This claim is likely accurate because disease prevention is a key component of a healthy lifestyle, and it is a common practice that can help reduce the risk of developing cancer. Studies have shown that individuals who engage in regular exercise and a healthy diet can lower their risk of developing cancer. Additionally, reducing the risk of developing certain types of cancer, such as breast cancer, can help prevent the spread of the disease and reduce the risk of developing other types of cancer."
chronic illness helps with reduced stress,89,"The claim is likely accurate because chronic illness can have a negative impact on mental health, including increased levels of stress and anxiety. Chronic illnesses can lead to a lack of self-esteem, anxiety, and depression, which can further contribute to stress. Additionally, chronic illnesses can cause physical and mental health problems, such as anxiety and depression, which can further contribute to stress. Therefore, it is important to note that the claim is not entirely accurate and there may be other factors that contribute to stress."
vaccination is important for stronger immunity,94,"Vaccination is likely accurate because it is a widely accepted scientific theory that states that a person's immune system is capable of recognizing and attacking foreign invaders, which can lead to increased immunity. This is because vaccines are designed to protect individuals from the harmful effects of infectious diseases, such as polio, measles, and rubella, and can help prevent the spread of these diseases. Additionally, vaccinations can help prevent the spread of infectious diseases, which can lead to a reduction in the risk of developing serious illnesses."
hydration supports lower cancer risk,85,"This claim is likely accurate because hydration is a crucial component of maintaining a healthy body weight, which is essential for maintaining good health. Hydration helps to regulate body temperature, reduce inflammation, and improve blood sugar levels, which are important factors for a healthy immune system. Additionally, hydration can help to reduce the risk of certain types of cancer, such as breast cancer, which can be caused by a lack of hydration."
chronic illness is important for lower cancer risk,89,"This claim is likely accurate because chronic illness is a common occurrence in many people, and it can lead to various health problems such as cancer, heart disease, and diabetes. Chronic illness can also cause a decline in the risk of developing certain types of cancer, such as breast cancer, lung cancer, and prostate cancer. Therefore, it is important to note that chronic illness is not a definite indicator of lower cancer risk."
vaccination is known to reduce lower cancer risk,89,"This claim is likely accurate because vaccination has been shown to have a significant impact on the prevention and treatment of cancer. Vaccination can help prevent the spread of certain types of cancer, such as smallpox and polio, and can also help prevent the development of other types of cancer. Additionally, vaccination can help prevent the spread of certain types of cancer, such as breast cancer and lung cancer."
disease prevention is important for lower cancer risk,82,"This claim is likely accurate because disease prevention is a crucial component of a healthy lifestyle, and it is a common practice that can help reduce the risk of developing cancer. Several studies have shown that regular exercise and a healthy diet can lower the risk of developing cancer. Additionally, reducing the risk of developing certain types of cancer, such as breast cancer, can help prevent the spread of the disease."
